{
  "mae": 1.4340327052133424,
  "rmse": 1.8182347368216119,
  "r2": 0.9518759846687317
}