{
  "mae": 3.528082500438169,
  "rmse": 4.448511365793279,
  "r2": 0.7074496903631435
}