{
  "mae": 1.42841406655939,
  "rmse": 1.825765963906233,
  "r2": 0.9499912858009338
}