{
  "mae": 1.4248930427812048,
  "rmse": 1.8198901473986429,
  "r2": 0.9547174572944641
}