{
  "mae": 1.4057352355637476,
  "rmse": 1.8196700869954534,
  "r2": 0.9528198838233948
}