{
  "mae": 1.4138626710085545,
  "rmse": 1.8051991176727527,
  "r2": 0.9470336437225342
}