{
  "mae": 0.9291541328562348,
  "rmse": 1.1573916366362802,
  "r2": 0.9312114715576172
}