{
  "mae": 0.9253948907963419,
  "rmse": 1.2121870505110564,
  "r2": 0.9253357648849487
}