{
  "mae": 2.38720594355442,
  "rmse": 3.0034161814286486,
  "r2": 0.5709239275080524
}