{
  "mae": 1.0076485313196233,
  "rmse": 1.2932588775753058,
  "r2": 0.9211326241493225
}