{
  "mae": 0.946346665352615,
  "rmse": 1.1941558131416805,
  "r2": 0.9207674264907837
}