{
  "mae": 0.9810529589588856,
  "rmse": 1.2540358134888028,
  "r2": 0.924253523349762
}