{
  "mae": 3.5349264810127914,
  "rmse": 4.458476074271903,
  "r2": 0.7762462221681147
}