{
  "mae": 1.4395170419486527,
  "rmse": 1.87427085862524,
  "r2": 0.9590513706207275
}