{
  "mae": 1.4405750149500778,
  "rmse": 1.8570448718680208,
  "r2": 0.9619358777999878
}