{
  "mae": 1.4417547567845872,
  "rmse": 1.8453927789920177,
  "r2": 0.9631931781768799
}