{
  "mae": 1.487720526499009,
  "rmse": 1.916020669834409,
  "r2": 0.9618459939956665
}