{
  "mae": 1.4057566669190862,
  "rmse": 1.8457524341260665,
  "r2": 0.962497889995575
}