{
  "mae": 4.706062190362729,
  "rmse": 6.031340953119563,
  "r2": 0.9762648940086365
}