{
  "mae": 11.046456983771263,
  "rmse": 13.919927342278342,
  "r2": 0.8856803384287679
}