{
  "mae": 4.337729874708294,
  "rmse": 5.631591365727363,
  "r2": 0.9812926054000854
}