{
  "mae": 4.054876224651482,
  "rmse": 5.219895896516135,
  "r2": 0.9842156767845154
}