{
  "mae": 4.305574235286944,
  "rmse": 5.5641246051901545,
  "r2": 0.9816780090332031
}