{
  "mae": 4.753831473038052,
  "rmse": 5.963575571753425,
  "r2": 0.9790103435516357
}