{
  "mae": 1.3480174449582896,
  "rmse": 1.714342331216782,
  "r2": 0.9443373680114746
}