{
  "mae": 1.3010466935163205,
  "rmse": 1.6547805098992745,
  "r2": 0.9479032158851624
}