{
  "mae": 1.2725760773615087,
  "rmse": 1.6157678292120794,
  "r2": 0.948567271232605
}