{
  "mae": 3.0795267620874043,
  "rmse": 3.8969123380552984,
  "r2": 0.7014681578975532
}