{
  "mae": 1.3037692735416424,
  "rmse": 1.6895795869765446,
  "r2": 0.9366942048072815
}