{
  "mae": 1.2581162042528578,
  "rmse": 1.610692891546747,
  "r2": 0.9496209025382996
}