{
  "mae": 1.4349870199014332,
  "rmse": 1.8245122995344512,
  "r2": 0.951987087726593
}