{
  "mae": 1.3465740173656098,
  "rmse": 1.7433964802041468,
  "r2": 0.9553937911987305
}