{
  "mae": 3.3213947889337323,
  "rmse": 4.20425651137504,
  "r2": 0.7413847034378696
}