{
  "mae": 1.4037993346780075,
  "rmse": 1.7713376179701845,
  "r2": 0.9523313045501709
}