{
  "mae": 1.4142004336498055,
  "rmse": 1.833782104722202,
  "r2": 0.9483425617218018
}