{
  "mae": 1.3489278807113538,
  "rmse": 1.720380853248113,
  "r2": 0.9552858471870422
}