{
  "mae": 1.417320433467504,
  "rmse": 1.7937335211453098,
  "r2": 0.9581945538520813
}