{
  "mae": 1.3882578834814587,
  "rmse": 1.7858776276116222,
  "r2": 0.9578008651733398
}