{
  "mae": 3.384567312684345,
  "rmse": 4.2941547300055305,
  "r2": 0.7607712433897162
}