{
  "mae": 1.4594119501382052,
  "rmse": 1.874957229165106,
  "r2": 0.9516450762748718
}