{
  "mae": 1.4204286745301,
  "rmse": 1.824756930690565,
  "r2": 0.9587076902389526
}