{
  "mae": 1.4036375443181588,
  "rmse": 1.7902939137763318,
  "r2": 0.9596672654151917
}